Feature_1,Feature_2,Feature_3,Feature_4,Feature_5,Feature_6,Feature_7,Feature_8,Feature_9,Feature_10,Feature_11,Feature_12,Feature_13,Feature_14,Feature_15,Feature_16,Feature_17,Feature_18,Feature_19,Feature_20,Label
0.5745071229516849,0.4792603548243223,0.5971532807151039,0.7284544784612038,0.4648769937914996,0.4648794564576229,0.7368819223261087,0.6151152093729363,0.42957884210975716,0.5813840065378947,0.43048734607813066,0.4301405369644615,0.5362943407349051,0.21300796330133032,0.24126232512304507,0.4156568706138541,0.3480753319498364,0.547137099889291,0.3637963886718184,0.2881544447997063,3.0
0.7198473153382331,0.46613355492701963,0.5101292307031886,0.2862877720679815,0.4183425913212226,0.5166383884564799,0.3273509633866546,0.5563547027518508,0.40990419651217924,0.4562459375310085,0.4097440081655905,0.7778417276763406,0.4979754162893099,0.34134336065661497,0.6233817368154784,0.3168734525043467,0.5313295392507134,0.2060494814180337,0.3007720926652354,0.5295291853803685,2.0
0.6107699869993115,0.5257052421784956,0.4826527576417639,0.4548344456616067,0.2782217014448859,0.3920233687407937,0.4309041843560319,0.6585683339328373,0.5515427434352692,0.2355439766955899,0.5486125954092193,0.44223765793755254,0.3984616999541062,0.5917514433261302,0.6546499283743926,0.6396920178674298,0.37411737151660424,0.45361814362231784,0.5496895147105346,0.6463317690683539,0.0
0.4281238643232065,0.4721511535004274,0.33404975389909575,0.3205690063878994,0.6218788733591297,0.7034360042856235,0.48919848176294994,0.6505299346838036,0.5542454037571451,0.40323203680923136,0.554209340826262,0.7307054849698954,0.4946260941335073,0.7346965483721009,0.10703823438653837,0.6232853756562836,0.5130570602357257,0.4551488974301199,0.5137641164803254,0.2018646628098661,3.0
0.4670492168243732,0.5535668857267619,0.7216841067112274,0.4222594672589529,0.37872595956602184,0.42473644346231954,0.6373103176553111,0.5493126664489527,0.4205359694349442,0.5769901149670034,0.5145616324022061,0.6452967485799334,0.39469203591839713,0.4508506780103348,0.44118377703017636,0.2804727577801822,0.5444180415596864,0.5391582908269834,0.5007670184963692,0.46481192999372795,0.0
0.2876943886924379,0.43690320158519613,0.4485928225209846,0.3796584096167572,0.47580714325009865,0.5606076285221807,0.7829278851815795,0.5261866719247759,0.5386325586084146,0.4888331126350749,0.2121843177051438,0.49602291868261744,0.509034531491154,0.8694863168727929,0.4711458552828316,0.5452321013500419,0.4947932345442135,0.3246982943570702,0.671423422177253,0.6127899549030161,0.0
0.618654792056457,0.36359188178078916,0.7104191466404148,0.28972234058115787,0.5880285640700406,0.8285683438714968,0.35141955123039675,0.4150553405595842,0.5149477047631462,0.4244786518825701,0.2674004853400801,0.5102844462209041,0.34065444294108427,0.5710388645952772,0.3620863648649295,0.7324901607526308,0.38251200614956443,0.4516907725691487,0.6220275826054504,0.31537035253490675,3.0
0.5341189901906194,0.6960714131423642,0.2588775148158159,0.5276950787798457,0.5389824191372635,0.6172734307665966,0.3144573933682877,0.3019315080373586,0.5782912348425346,0.544547700984978,0.5375739275518815,0.5519672314245464,0.3979962917632264,0.5348380545741506,0.5439608709948022,0.39284728729604484,0.7798661766717134,0.5710749381367681,0.3213044754196027,0.5984830412950745,0.0
0.3537977494659018,0.6180626905613678,0.6737893368511106,0.3768976522472434,0.6445064193866483,0.5619171390404747,0.6233090239991735,0.784518947398092,0.46319178259956945,0.3869395753463766,0.3665728355561715,0.37762845725518424,0.48843474358788436,0.5511727962224966,0.5415036198995029,0.6240774873554036,0.501950283781686,0.7180301115735975,0.46030147501430657,0.9080253749884428,0.0
0.5938501021647509,0.3714263665375576,0.33936612529083315,0.5723708622864778,0.4664805822011224,0.6071000741138138,0.5709856436860317,0.4890756631014691,0.37298094228973927,0.2727729162971203,0.43302275718994687,0.6284598191485209,0.5321140616195306,0.3131391831932018,0.5259771388776773,0.5577976069593256,0.3674213845698301,0.5230587658918292,0.5087313077669,0.3285544553254065,2.0
0.5536681040522425,0.5841176789552351,0.6624576864762916,0.6580703078052355,0.29334959480643635,0.3593262440127316,0.5772552900812989,0.5770678926368313,0.5772571529459072,1.0,0.5856335766039751,0.6703348460270898,0.6431002645239803,0.5977086876958697,0.45270961330394816,0.6138453830739901,0.38407621781936424,0.4644772089889987,0.4271954678256345,0.5122811209079484,3.0
0.8471987850010263,0.2199102211112378,0.602939028556177,0.25809261932155225,0.429210220131585,0.6633425895451049,0.5096420028643194,0.3383382833106041,0.39270444361100476,0.6019396623402014,0.39044500524242953,0.5324687884372963,0.5068357759855721,0.40225994785912744,0.8215916133987988,0.5950878533477016,0.19622861200135894,0.5279681472154142,0.4007320302847418,0.6278650002194336,3.0
0.38112188923509493,0.48278953377996514,0.5757480918470685,0.6298632791255182,0.31995553894163353,0.44982481462385776,0.42875820332585657,0.40200061511394325,0.7648181360421645,0.5607472566441434,0.31086740684974323,0.6376792920582164,0.818323429551895,0.654869789082672,0.27209450510689803,0.4273648890700623,0.6900366723779934,0.3938495801571829,0.5665729142219342,0.6161951080144005,1.0
0.36096042926328753,0.49107119659073,0.013809898989639136,0.3463418537998565,0.46211477729102596,0.3128325227052726,0.7448616955897452,0.2854787933059051,0.43399332699545246,0.5196110865929137,0.7161909933599173,0.2846206773230841,0.6744745628232439,0.5015349591529381,0.35277370234280736,0.5693155211394906,0.5298589543360205,0.4099674684261808,0.5104703127485029,0.442202960470736,0.0
0.5170276017876873,0.599319601178157,0.7379025224218028,0.31432767517597265,0.81995500619844,0.20718683007162475,0.4772322357446625,0.5882475809726865,0.5421487801602549,0.4065950720269109,0.46878166244640873,0.42604985980117505,0.4115952864583683,0.6274403145531537,0.5535523228947571,0.3960635607109019,0.6349399813149876,0.5460949281314914,0.621929317825844,0.5944443262885418,2.0
0.37565074836168916,0.4159728439704546,0.6120940407684893,0.5915555398150197,0.4968647609053778,0.5175991074963173,0.6916497343682637,0.4112642916746255,0.5820646071755057,0.4696711021349159,0.467347819515917,0.6648165277980785,0.6238124523482045,0.6220264454000958,0.6958218210731494,0.5031505762449139,0.6022929456942446,0.45345998651098157,0.5486249528732663,0.4804785418448473,0.0
0.5145493947489077,0.589273553815537,0.3772668975149791,0.8138580913528191,0.3490973927750447,0.3178717080818402,0.6737166310250102,0.6187494040944403,0.5936179725578232,0.594251826389642,0.49816298407296283,0.36541184427712525,0.5113706837290589,0.39842574327318325,0.6462679600126626,0.4779413927746792,0.3761754204811233,0.45179212375205097,0.5619397181413437,0.4154413170794038,0.0
0.37666694066503525,0.5365530817237868,0.5367449856663085,0.4239585236943305,0.4293442541572516,0.5348074906036454,0.28278734877540135,0.2888804338435167,0.3922333668121346,0.46798292724322293,0.5466361348397006,0.7213034325424328,0.6286489434803029,0.47600922050548594,0.49714756881459665,0.34962059530432865,0.4972230296011415,0.45670120416197924,0.5484077840507134,0.3759153584671516,1.0
0.5779019771361759,0.7299108369503866,0.4836859777314714,0.5602567583148412,0.6035215987566669,0.43981692921712456,0.5336138722715625,0.5018888601172692,0.5146514147823248,0.38404853242168,0.5036765261388414,0.5746997436868174,0.7176715411692562,0.6438906239127811,0.8229773686267334,0.38489786556679256,0.6308480955081017,0.5275013008607528,0.8284704399826508,0.3787552571967273,0.0
0.3740417236728836,0.4100911031833967,0.181415641353529,0.4211367467478858,0.3861301007669453,0.5225590679714311,0.551263396366574,0.7814256258823828,0.6425635757279076,0.41346445165063955,0.3652377992977463,0.5737878757259759,0.30196501894690364,0.774718814878153,0.676916018108193,0.42962365218429427,0.2430298206363684,0.7030808561248119,0.48281902321210735,0.6856724467960192,2.0
0.26083585118084496,0.4100937465569341,0.5007865549577275,0.5070470890647113,0.43249017927811345,0.5934274898521248,0.3398569355926109,0.478643077246806,0.5180443447567848,0.5771658251088123,0.6067422317133335,0.3313036862243196,0.26988287438965664,0.6916515232847764,0.5498471017969387,0.38772701951651695,0.7326727963283785,0.5173511951439288,0.6768945776095739,0.5101277722115164,2.0
0.8091121887322981,0.7633011263664806,0.462655377728139,0.6457356426431533,0.5968063924377721,0.7052947336298523,0.3552614809129844,0.6029077189997659,0.6587636730274382,0.23618907703653286,0.32251122310013375,0.19411517333598494,0.45958897483331634,0.6076313383693943,0.7253535578144041,0.5111142170629662,0.7442923318356938,0.2929847812677663,0.24449263409672684,0.4916678451655072,1.0
0.5576098173408961,0.49509578778588603,0.18988368499401853,0.4866319940730817,0.30432957492427204,0.6004508823245057,0.5549897369145272,0.3590180320508967,0.422919962399496,0.34111797171665725,0.4905981354090242,0.6432713480751857,0.35214109304966845,0.5756069773276766,0.4204613572441339,0.38106907516064836,0.4839454460068163,0.3447136516370939,0.4169526041979227,0.3203183161116727,0.0
0.7947087699374584,0.5052895327957593,0.39504117380111214,0.5320969866101333,0.48315079254637555,0.4668545600700166,0.5921250050065138,0.6136261565070957,0.4204248278584209,0.413627263903298,0.4587422454272534,0.15471182528966226,0.27272134067021714,0.7050311401166787,0.7467451570251925,0.46264459406654324,0.5864835444583649,0.5466875231815305,0.9618321212682857,0.6679362367151865,2.0
0.480812361277885,0.35666893390993615,0.25903305196136417,0.5305195453800835,0.3865473882073545,0.2866619435603489,0.403014067363621,0.33776779945784074,0.7530712452608848,0.6322459635424176,0.4988041038025074,0.7219916208335039,0.5116052461471428,0.37080736980076046,0.7284686115904486,0.5808365065526988,0.3444130768510315,0.4714491982874588,0.36865726199228643,0.29258004035534957,0.0
0.6389266321297462,0.7864124960705196,0.2902148639271288,0.5844453855035856,0.40240361463172597,0.4269311924352956,0.41114091136416964,0.3704013845480276,0.5072782441917241,0.37535748253834433,0.5405685238669758,0.49246428358262945,0.46415779297003856,0.3638654506937603,0.4134843004147501,0.6133086838738634,0.5751375781436571,0.35336671328021735,0.5148998458143839,0.6127080685057683,0.0
0.24958920783179422,0.5815040288569903,0.40060643615812297,0.5855898002889739,0.38551112651862246,0.22926768490032218,0.2558686343175256,0.5072127419992073,0.5389583752582223,0.3643525062343387,0.5957888688166061,0.25077199065965605,0.49008803020290254,0.3183475700356315,0.40222458382967613,0.5071098006974621,0.3709379952074071,0.4423166683655262,0.6509439213821661,0.4134662195715277,0.0
0.6253538168097712,0.3305439718013573,0.5794706266872924,0.716235293098685,0.12925332498090664,0.3804657116794285,0.586560819077081,0.4695431920935511,0.5556718810056963,0.40940222199262694,0.512988468120935,0.47664841469118807,0.6751673092489711,0.5381631264951819,0.5506403993112803,0.4382184550816299,0.42685906638912596,0.43511627182705687,0.5591678213567445,0.43685232787696054,1.0
0.5434662285344619,0.8113101197968158,0.6306687055147538,0.45109647017482385,0.6801820883245917,0.4387886940467673,0.1942813197233219,0.34878705336238935,0.21938121184612164,0.4472729773938037,0.5027627568784327,0.7514655968412924,0.5490391060646244,0.46713492067867035,0.6244108371775233,0.16832970364881722,0.5353421837162848,0.6156297790830451,0.27821206313302377,0.6715631064810393,0.0
0.5507744611241621,0.4377068129148798,0.5949172799159427,0.8406039286706594,0.5272799382587743,0.5372330879450504,0.43109586506896336,0.37252334458028125,0.6245503724816368,0.3715874261136699,0.5107349355829088,0.4283513829852325,0.5718469738619588,0.5500493157930423,0.6556309916386849,0.423497540171788,0.4595187597059943,0.3531854426326539,0.4333560109885833,0.5565950739567278,2.0
0.6135482924968028,0.3616752013733562,0.630440888015849,0.7033456788207426,0.5620152354835551,0.7815193718837099,0.383931620134464,0.31330179450328743,0.2331919626643582,0.7244066467233774,0.5981548484531086,0.49166229936343175,0.5419952939479731,0.3311766429052435,0.866862796942524,0.5193831772962841,0.5164092191907339,0.6088649935848038,0.572151384760507,0.5335826036418697,0.0
0.3814288316832032,0.5707202535703993,0.782303674471255,0.7018130069232467,0.7389779939959096,0.4233176485353222,0.35155927696121286,0.48113196198505276,0.5083587368433042,0.6641287277706422,0.2461303055427771,0.7294325479190921,0.4762988152131516,0.435967839507887,0.34818434371097484,0.25177149922013464,0.6234755875942872,0.5109976950782605,0.3065058650388419,0.3057381841904576,2.0
0.4496322951064808,0.7503532287934089,0.4610612972954593,0.27452855703228407,0.46313854038710833,0.45909146453784944,0.09546700355876425,0.49185577002232816,0.4653598204686983,0.6044309547220128,0.7773434142418018,0.6689847544321637,0.45966669641677543,0.3340211136887494,0.886003970487479,0.5088827651021732,0.502089393786942,0.4963812369334995,0.5297127141151783,0.47834593821140864,0.0
0.41395069896796455,0.4179711588139412,0.49508700946760026,0.4184862843299353,0.39307313259842536,0.5159645341537845,0.4617534173868717,0.7255989482874032,0.10235452874104822,0.6637260277883692,0.6869127788746443,0.18899146513877757,0.4485968608879477,0.4442838701006313,0.2888732457923268,0.3833274968613687,0.3334136231801257,0.7628405665135434,0.6403517589721192,0.6907332642491238,2.0
0.6082508096064853,0.33064223431741563,0.42132196005803396,0.5734061841841878,0.31668082866620817,0.6069497645258582,0.46395119027627973,0.4437768788675604,0.6066439952305237,0.5666394967229059,0.445855075127138,0.6738994705046372,0.3378405008600154,0.5923903410416396,0.5889651886952576,0.4535680341029015,0.5489199533363177,0.3123329635422045,0.6386040528810352,0.47226467953355167,2.0
0.42159154692214407,0.6573513838755334,0.39434844641858613,0.28873080554546604,0.2665056239714144,0.5909014927018459,0.3079355971255575,0.7632191272976547,0.18771058881744168,0.7544684552435057,0.5316526200803927,0.48549303321944115,0.41826213697865755,0.5598704171528106,0.49435479463627274,0.6654952823024782,0.517134147299306,0.5225452642192816,0.4454581681679216,0.4914581564418399,0.0
0.5461702653338089,0.2434747411015062,0.29777218668414307,0.6114896141034072,0.5256298157191913,0.4724024995470981,0.502765089959809,0.5521372558042507,0.4190360479535958,0.3832542911896531,0.5293767882646523,0.3532440833577452,0.5612379133571708,0.24461245936432396,0.6543733455988465,0.5708896223619564,0.5384044601470813,0.6474036475918271,0.7498211666693865,0.6521555097527195,0.0
0.22386886530025324,0.30806345498964477,0.40627721334564815,0.5039136575316251,0.5776488530703685,0.3911384280269802,0.5280150146715618,0.3866925601470016,0.40827232955120774,0.28900083547276667,0.36151501308336437,0.29724730915754993,0.3536190120534001,0.658046269491176,0.35759016667520854,0.8948573097256086,0.5739976851321333,0.527725418554231,0.37124633297281795,0.6050464819113487,2.0
0.41365432606433394,0.5183014721968042,0.8840126807403192,0.48559101504130253,0.6723909989428514,0.3945235362311169,0.49475172642545573,0.7656200953453265,0.4059549413318349,0.7718672836995393,0.6061627903183213,0.41562998361585984,0.5948611608583282,0.6458831674440095,0.5932714943325794,0.26446629201643157,0.3909294236262697,0.4628722046672743,0.48883498563499306,0.5931008146326017,3.0
0.5266551501399881,0.2996983461934848,0.5570296776508945,0.5915878617925735,0.583968567189656,0.6621171088331933,0.6250883231823356,0.5688770118842655,0.48947514328120295,0.2508558599726013,0.5644427328698879,0.5311531530744666,0.540736825579306,0.3084877136269536,0.3378415189387607,0.6579729279999356,0.4940667269215017,0.6022251046058936,0.5042477564195692,0.5044634209243618,1.0
0.6407425708963996,0.42259329076739394,0.5144181165411476,0.43065870669424366,0.43482556588515264,0.45362418147970407,0.533320065745057,0.4281877067504784,0.6883634188360281,0.3658089046670744,0.47196925337579615,0.43404034125887375,0.7170466826530599,0.5294832164767362,0.6547766809202953,0.2771659440444542,0.5400575398803888,0.6334446193435156,0.5123425983913136,0.6598220562598027,3.0
0.4224067324849442,0.711402116027837,0.8448347185428875,0.44557421593405117,0.43317462178988425,0.7180076715676551,0.7369358218596068,0.42157099592700975,0.43697197743562144,0.4577323086709239,0.29833242334485843,0.36220220802737024,0.34937888498718983,0.38483036523438074,0.49479726689198283,0.5351322098804782,0.7325750739221115,0.3502468938891814,0.6476483597714875,0.46790167336617366,3.0
0.49258044355213504,0.6012229238249905,0.33159169676565525,0.5573614619276076,0.5249678312319584,0.5738676896012224,0.5433752965861727,0.8682950209866341,0.4043390023623026,0.4203504567497274,0.40652892103628535,0.4166784321259618,0.40439193090402237,0.6783524796661328,0.7130756371984782,0.41438805593757855,0.3751466640343657,0.5707123334579606,0.4171665433578543,0.5949397726633266,0.0
0.530438453127695,0.2726383827504152,0.7321257801995092,0.7693816509643283,0.40808169642734204,0.4418447660096024,0.5428798086087357,0.5501685184980537,0.5987816409009246,0.8015306808149525,0.4734579158758926,0.38025541331923196,0.2931021157978209,0.39036049400871214,0.49503095406893044,0.7691836795276681,0.4223583051445743,0.5335681927458348,0.4975365655890872,0.6782589910172125,1.0
0.8790398638810433,0.4203696840619519,0.4265840836222667,0.6566241315603608,0.6022837234439467,0.7770060988604051,0.5875892277988946,0.44610618638194105,0.5885982246038464,0.6663055370874361,0.6230723271796046,0.5760911046660947,0.6600012034383731,0.6753943385668509,0.707323848655629,0.5973064831384464,0.47493228795247183,0.5220070529649984,0.6809763449762535,0.37745964935191456,3.0
0.5553009963309352,0.4409991781508959,0.5043117234402226,0.6917677793910948,0.5286648602029855,0.5069654822234223,0.2960215788530121,0.611938034904083,0.5968226271711613,0.8244882084958189,0.4538332647570499,0.5328725491495908,0.5374075525566133,0.7366179919645212,0.4857056701419572,0.5418532288655509,0.5911844764574808,0.5279913684734537,0.43303495781742074,0.5291134989347461,0.0
0.6610447624789658,0.346022705088341,0.5199454511220314,0.394981877759124,0.6792569943387263,0.2715219642824338,0.41616172290926173,0.5565817812596782,0.7348286043851511,0.49013746083905185,0.41672007099602026,0.7821735604160884,0.2827979149375634,0.1701791065069877,0.5660021675079998,0.4246918663471083,0.346815077430393,0.606253467094903,0.5365701070656799,0.41538820538949073,3.0
0.30795434019936585,0.6308685992420217,0.5975301766937992,0.48512362043309254,0.7769955494071499,0.3394872850510771,0.27117122436128915,0.39621378951781333,0.49316209754667534,0.5365009173984038,0.4638145913215505,0.5528083094771445,0.31226908637143336,0.7165646906109889,0.4876773232411147,0.6675943747382191,0.5514088019566556,0.5685129828730676,0.5854650920348305,0.5671562840025972,3.0
0.5964084139801316,0.6993728795198647,0.5294781754552205,0.6063505636382769,0.486539645856916,0.7160175823174209,0.39854115469110957,0.7701410649366223,0.49397630740334847,0.2853837346822928,0.5192156622366184,0.3978422513787679,0.6260965323483086,0.40210640310464135,0.43307248501778306,0.21656889035817034,0.43215405211263846,0.1364181010056565,0.2624145764771415,0.6140621984216446,0.0
0.6178700237976248,0.5638186342677447,0.35495357853061804,0.492843296578703,0.49945961913641473,0.32624529662111856,0.7255097452650726,0.6316043435863508,0.46685537392555043,0.5040328758491797,0.5312574211921328,0.19373976973635643,0.46292339262191046,0.3977023628003302,0.3497569985157627,0.4578349560671068,0.7696529790274284,0.5961264291900514,0.4143231515325805,0.5858874172034237,0.0
0.7099033154879003,0.6386950524369153,0.5089445554880261,0.4029594833441639,0.6047334970420385,0.5590228078132624,0.6342789830041599,0.5952757702522954,0.6574329072979003,0.4197147182659148,0.6976091098451489,0.5296399407038599,0.8112891308937897,0.3966218272865648,0.7603945704747874,0.5296866175193972,0.40228729945783276,0.4274171248918518,0.451947903770852,0.5636248919602874,0.0
0.5784253232053249,0.41394499940921314,0.49634681116085255,0.8213405537917795,0.7591314755151066,0.5654485504511049,0.5057005217252301,0.5180046990077392,0.5920276959095625,0.34658111522023916,0.46139351938649825,0.24971238891836162,0.5598834683907918,0.5970793909554112,0.4275220306550939,0.736098014493505,0.3161351505496488,0.280343767968527,0.5336677727839958,0.6570647453918231,1.0
0.7525891537186803,0.431167360569659,0.6618021250146944,0.4942237295748939,0.47410590500887706,0.6325489906230009,0.597848431762013,0.26354117645236264,0.7214810524588844,0.7070137031221178,0.4061655947735706,0.5593705300156113,0.5741045279424108,0.5391010648735861,0.417454226923187,0.39925649480929226,0.4961668893512832,0.6759093528889046,0.5815400231891649,0.4444078501870841,3.0
0.6157548065972517,0.0727186069054887,0.6723148550558156,0.23904293318328507,0.44563385878953016,0.33204951580607844,0.30579777864186414,0.6741240181067779,0.4298448198032163,0.5519755822596074,0.4929619131681224,0.5715561240834682,0.5115232836590383,0.30755116637171453,0.649440022917071,0.4259365125258031,0.26651271520103736,0.43578272585511313,0.7251139685951467,0.6275332613170239,0.0
0.4477021798388211,0.4476113443522357,0.4517547423173926,0.8115121975341262,0.557290317834733,0.5645062470786605,0.6545425181047764,0.535818373853977,0.46114367812689455,0.47054752263725325,0.4892598110878904,0.4944166645235238,0.609144431545547,0.5077918828710949,0.6098960115823369,0.48789251298371267,0.5117952785474136,0.20026989732018385,0.6374491512053722,0.5519732713846989,2.0
0.6497015164789478,0.06556169327094663,0.8132562057171091,0.47906155577672394,0.6662274225106275,0.3440141109311704,0.5919160857593855,0.34198766552395155,0.4064346558956292,0.7871047030800179,0.471397639885498,0.5326149309769584,0.6305101596033131,0.5743522831958907,0.5225628357715365,0.5547441503699339,0.8605123377857413,0.4913571804449622,0.5301648570072451,0.6575981594011417,3.0
0.6658288899436976,0.678054545834057,0.5958095333043777,0.3285492630904275,0.7450147298451644,0.32804819104719685,0.545395319785855,0.38685862249709635,0.4903792480110511,0.549314361545522,0.548203582317541,0.5632881131352927,0.7420566903587971,0.5680301452270969,0.4633765047064027,0.6446130752432536,0.6784205733386961,0.3158588277294512,0.5896100104774787,0.6051759113466347,2.0
0.45536547449600123,0.7063560219967429,0.477491661945121,0.5188364680207314,0.4740392263574196,0.5023368571372201,0.3355587369657197,0.2839923676108559,0.7391757594837458,0.37295579775225085,0.35129114758155394,0.17699148295944278,0.40415573784657466,0.30153653098887523,0.7463022740204553,0.6514725634013951,0.39677744822334143,0.8378653708016464,0.6472648230487391,0.4512752924737066,1.0
0.12508914276896405,0.8436413858886113,0.2915641299854606,0.25319018795646625,0.653385564801446,0.8659628609508909,0.7076409227765778,0.5845863680078539,0.5892131512497929,0.6280123338170461,0.6138392884680147,0.5421787135954064,0.5156301655927814,0.4906110308150716,0.38690531166999853,0.4578987384699839,0.24605647787069218,0.4852490559807875,0.3517113339273624,0.33446160241763434,0.0
0.5269841226730217,0.7088003429516899,0.6377474909003469,0.26442490945652347,0.3515557795144494,0.6411156781982323,0.3526268909692536,0.46630502750044633,0.5825078148536827,0.35474833177045473,0.515806325921894,0.29989617576226935,0.40979485340731797,0.5479672901213806,0.26105093997024964,0.5660712106940599,0.4970543301609978,0.5828734931625722,0.5335871201096992,0.7046210644960766,2.0
0.5187836753971861,0.43558916883121207,0.5183446254548426,0.5814947043554581,0.5073290105488556,0.5060887536805824,0.3947012468289867,0.4005648623673578,0.28960920923004596,0.7624365114780409,0.3134205146913073,0.3960642203306139,0.39223891016462037,0.6342386565416662,0.45575754825619585,0.68716131090106,0.39897640636341974,0.5418491243335702,0.3746979420110364,0.8217723691660082,1.0
0.3218602371455731,0.5464731065340541,0.5950665321398148,0.5620698646177247,0.47220685116834377,0.4805268950399861,0.5065717207968664,0.4779496997557267,0.6445818675192364,0.8315784502387027,0.416376232248825,0.2945295530631383,0.4867576927473118,0.8869564006481478,0.3794488148045404,0.7458675208166101,0.751655122111466,0.4169617637438008,0.5853474618777913,0.7442594934692807,0.0
0.44313083885187693,0.4694629459846457,0.41274786290770343,0.34778649039607,0.40260836824009893,0.31640895998566154,0.5051125202388839,0.3845040153412037,0.5350678867686122,0.2666156530694559,0.5496320348321686,0.6250293442413387,0.20093965361428168,0.5561084854771359,0.6841503488709938,0.3185538471963192,0.7508858580256554,0.5628528514049068,0.3942482216362387,0.4916346383513441,2.0
0.5837490368782583,0.5114008087118618,0.5808133988669554,0.36189896103809505,0.5254041236054117,0.287942825464253,0.48331609079769494,0.36441385378028157,0.389670508611535,0.6854139762815656,0.6636965180891403,0.5913707181360766,0.33615308529911314,0.4525387325457797,0.6819646549968775,0.5212575370459858,0.8478994309972541,0.5589976759091557,0.5288073674735048,0.4536325303696248,2.0
0.5200311357173424,0.4771295245429184,0.6062163015032885,0.6435053475191876,0.3821015809238076,0.3003150569663333,0.22456919403450554,0.5761986990368816,0.33449500907391894,0.17706641105712756,0.5582867906796446,0.8739499276149185,0.499089363269016,0.6257736161677463,0.5122744037821347,0.4851665520213286,0.6378614724481653,0.4564588183717023,0.5401088471107854,0.548254670929402,1.0
0.3997864319535427,0.6488063524304784,0.4737560364956887,0.3866382260760733,0.5804764765355606,0.3652298027313444,0.5042271736053693,0.49863215050336945,0.6628843348747367,0.5712047349319929,0.4962459561882284,0.6226649448800431,0.708531132352597,0.5836715459527794,0.5015528929765071,0.3032245651474761,0.3402329505386941,0.45421629434679983,0.4085731696761075,0.4719543045521831,0.0
0.5084974887345661,0.5794539131535096,0.4894251832911363,0.5729752465739303,0.509671162221518,0.2036800150469193,0.35909969092718685,0.47838686664175767,0.31854578857383387,0.5899893094994306,0.7296126248515546,0.6828142777545975,0.4679835693604688,0.7236089205274928,0.5223001185803168,0.4494371043322941,0.407989600468859,0.45462954702678077,0.44177347721881566,0.5255624333563231,0.0
0.5240860971574797,0.5004569030230122,0.5655407254619524,0.6785969412179512,0.6424331203161986,0.2772653047325145,0.11691182976470677,0.640147986685891,0.2949681952376868,0.46628518971609745,0.3244830460910961,0.22970293436299705,0.5812194092307182,0.613873274045397,0.4135234398909921,0.11134365617826353,0.4180633327621276,0.558770600810382,0.2781632646838807,0.5275039879668734,2.0
0.49770352262405065,0.5868937249401632,0.517937055262123,0.35403965886776667,0.6794857252496737,0.4762205640459545,0.49590431907351024,0.36000980613902056,0.43350766232127347,0.3672795928959649,0.47405809101148655,0.7567562720213514,0.29421482856029657,0.2579657903184889,0.7206755491240413,0.46860144842722007,0.39963908920101254,0.6559857031094114,0.4091576690394704,0.7739014570320404,2.0
0.6016888807008903,0.4268132887781446,0.8235962319898256,0.40914276154949925,0.611314305801396,0.5448938870609737,0.6952611934098197,0.7342266795090279,0.504800622359865,0.3869873194480725,0.5689958214408675,0.39834269453718407,0.8020080871289934,0.5204802996624106,0.4452017673031837,0.5277020458797362,0.2979310565705455,0.35425789422340226,0.6800620861916638,0.40146585815429064,2.0
0.34296335259770905,0.5804979128790929,0.6778556231994495,0.60784299659976,0.6494071528708725,0.3864807367145809,0.28672839998872346,0.725200047793323,0.45159802417367967,0.4623750475317429,0.6992291212773587,0.583434501410099,0.5683831658122411,0.8247503517351626,0.40347226544297854,0.6391760192121856,0.5085519687345627,0.5402888418294886,0.7292702639618798,0.5761753634434436,0.0
0.580744411857445,0.6608761005964703,0.4452570905685672,0.37411854989914906,0.34327862089684497,0.20504651159359977,0.8084310694910484,0.3345187451417475,0.4668119564621342,0.4584780050166619,0.5461110046713651,0.6223605818808945,0.6290710232539618,0.4125383842146592,0.47493174293203827,0.542386992573245,0.46269633107246794,0.7411018364029989,0.5736462427457377,0.6102316679074726,1.0
0.5994321903001119,0.6760210786227987,0.527153233805556,0.305475207806623,0.5599531927628962,0.40229646593122564,0.42070749773753646,0.587954602813264,0.6857424607150453,0.5031907365104092,0.5463249518898445,0.7553322416952857,0.5361129769232852,0.8902524671270593,0.5848264468447316,0.23588558612662736,0.6130012431656798,0.5571737577324166,0.6934629131124118,0.6009772026904937,1.0
0.47923160240243395,0.31635526455659513,0.46864651140709623,0.37242193186860495,0.4129214825292916,0.5882867606630915,0.750485675652711,0.5592007294734471,0.32061754069472237,0.5666904002330211,0.6794947229968477,0.4085325643520927,0.47989742499906235,0.5022032292093795,0.382265253037664,0.5972420650765788,0.48185777770883276,0.5629298665860542,0.36687617332968503,0.43438125495148844,0.0
0.6083572036741657,0.4440750271862349,0.7590445776850108,0.44005457215780963,0.5337027088627829,0.6398886247809634,0.28724514006004526,0.2358786782028836,0.2711515528144858,0.6893876155140773,0.41722127811613297,0.8837298928502378,0.4153628602013917,0.5276826954795556,0.7313164928851813,0.8009139332238684,0.8092255364954597,0.6812549345889714,0.6536093788717193,0.5888790423801775,3.0
0.6167541614249956,0.41732214255072,0.37727016748665393,0.4994938313883572,0.4744723066212607,0.4320157926009087,0.6044581171185073,0.6432957812855766,0.5132610329437771,0.7216295121582893,0.32874663287997424,0.4709510811080423,0.39247665190957925,0.22001950743904103,0.48759789712359514,0.4817378737425075,0.7270174614863196,0.5946217526832166,0.3463719763506192,0.7781138849501282,1.0
0.683155054328803,0.5873146555202924,0.46602738517252523,0.35608411449147803,0.44416898358934204,0.6633122929556279,0.7826879458901914,0.7314865292408284,0.4266725867320589,0.33205738500664833,0.5211329370366806,0.23473409516557225,0.5484751571277172,0.4778596120551997,0.43009452471976367,0.2607945399099807,0.5770400159854575,0.4200948740507133,0.3245124746434568,0.06916066800775261,2.0
0.49587276424240456,0.7658377395004616,0.7491888821821805,0.4314355615120592,0.4096681909457329,0.5703161384112536,0.3502421841217563,0.5452687849729199,0.6149120417577035,0.6840399835826462,0.4849768885280071,0.4694489374734551,0.3683026119865158,0.375967946894021,0.466028166214771,0.5551048260224267,0.6370376939349874,0.3795231573979483,0.7239032853439282,0.4593314598436147,3.0
0.49679490584773456,0.3879182481278265,0.13636396095905878,0.6326068094541575,0.610526584563865,0.45780086643226797,0.5100486075837308,0.5773908826556149,0.2656181214670186,0.4206420983980558,0.6191397019432741,0.31185658652461257,0.5440336898249944,0.29651272930648925,0.569964497365029,0.4946537776553775,0.2577302276141736,0.6747109031685757,0.3898112634802926,0.3784621344478428,3.0
0.5300853795846414,0.6722956024143073,0.3476267271532405,0.5092519774771957,0.5643224750495859,0.6039658410894716,0.5264662332915838,0.44494582413750167,0.37586146690269207,0.5129215824569562,0.339179148202159,0.06179742747580891,0.5654839706236502,0.6355902261629293,0.14556013466872425,0.34854039429350936,0.5928731391507797,0.8086243204567548,0.5031190561513111,0.39079955881562983,1.0
0.47256553383427397,0.7062314628722277,0.4031053731313197,0.380121199002462,0.42758847167269515,0.35700070876119316,0.5184005473992194,0.7437017687704341,0.5484618909674044,0.46214697468105687,0.45622830966266836,0.26552137869550146,0.6324664665720738,0.4883244204480797,0.47292801296140613,0.9789661351767291,0.5448129362548529,0.38723134248572233,0.4360463605691685,0.6722668563795132,3.0
0.5169905615806647,0.284258303252395,0.6378843401862805,0.39977838716915093,0.7809946664326318,0.6620072098571973,0.4329017156511873,0.692152454260267,0.5101783265791104,0.6279160512683329,0.5727099225941712,0.373046501751369,0.4034675251523807,0.6544941226371742,0.44978370018401886,0.4394527305137005,0.35673161309759704,0.5635398598390191,0.8093787378864717,0.33987006286185906,3.0
0.5036329185009137,0.7118330833123143,0.48805379131314275,0.5678557694374601,0.34064097077796807,0.5642460645811473,0.47192836024931767,0.6478594993519795,0.6781079077347126,0.8884345463027921,0.5869449759820363,0.548869447487325,0.5291576452366004,0.44702505607839677,0.5507725765192537,0.4556897884791456,0.5252691464404421,0.6976396303411939,0.34901861520805383,0.6709817841693568,1.0
0.6975672601009798,0.4822897209513382,0.1817217651487108,0.40882670193583515,0.6945491819841664,0.4965697906551677,0.3501046651557634,0.4242837618157674,0.6260930039756829,0.5820100352302069,0.4641601851245459,0.44497633822779686,0.4412362776434267,0.3616384723252246,0.7423063534204163,0.45165192961829903,0.6825737781238245,0.7281974077883677,0.6497466347221941,0.43525695309229273,1.0
0.5605595135504914,0.49637065904136257,0.36444472089048074,0.5486538922582405,0.32314403132602965,0.6781519082692345,0.43030740540524104,0.5301739483809259,0.5424931807319213,0.4611642539443884,0.5880040702212912,0.42876445150662135,0.6306945946185867,0.2981030479629877,0.5189569369319618,0.7908393498587427,0.3499503013091638,0.3983382544212723,0.5770861774488373,0.5269372672909397,3.0
0.5525945148910338,0.5733780695221495,0.5952082202842655,0.6664549762934335,0.5614727985392769,0.46381135180721866,0.6008860551804097,0.7849822902342823,0.48010493804261395,0.35382060429940376,0.6660621003930459,0.48194282540696026,0.17409956809789456,0.6271132515725633,0.4197007721069116,0.4864200076543759,0.5497970495853521,0.52857495196686,0.6064177725708559,0.4346770444145235,2.0
0.5769658697264124,0.4610679983624124,0.6108215721331255,0.592305122601958,0.3596841946933107,0.6628973174262548,0.4196054832328928,0.6212086697421717,0.555093097010201,0.7757275515192683,0.4664801026442222,0.44760248058227037,0.4970870591168401,0.4545230325748587,0.6199912852913075,0.2575534087345118,0.3419476371280469,0.33982956176312107,0.6425461387960364,0.7565920058872888,0.0
0.48433261721937926,0.4746767415214984,0.5105078244669772,0.6742817453912285,0.3608970298714139,0.5357553474102178,0.6462796444673644,0.5751641254909767,0.5284372424898115,0.6501569138850711,0.09451515605011446,0.6016812979296361,0.40188864753088643,0.2254050654715315,0.5766803899287472,0.7060487817744436,0.4793827228058462,0.6429311820804409,0.7418417386982968,0.697237168037607,3.0
0.745994679405709,0.6113191236607838,0.5113150458352389,0.25970512821542474,0.4630906267805077,0.37351301070257126,0.8256414076246721,0.4736171281351495,0.5184807210176728,0.5827228064060701,0.506540366955868,0.7542576560646129,0.4066025957398322,0.5291911182855864,0.3886294121452928,0.30199662331689414,0.4082346363642072,0.4944444804427382,0.435604666322411,0.3961368530189216,3.0
0.28905238044922493,0.4875341641056958,0.27429194389534967,0.6140083945534404,0.5123659629401754,0.2813672750802604,0.4536186384425205,0.38717653916141254,0.547876176562877,0.7010675669034717,0.2187241295531383,0.5172539118721126,0.47598008066500397,0.6007010114675698,0.5319794942356534,0.38720460023917713,0.4521419096500073,0.38059612147947663,0.6614010707897897,0.5031967473007913,2.0
0.785178602862951,0.4909008779278069,0.39373898496343057,0.27294284110807593,0.22952904856160827,0.2623796085491765,0.5400689976517226,0.5763087534844901,0.26282139469518,0.6342557471114173,0.42754084224748407,0.5220189517978324,0.7418330942383137,0.6345258973798298,0.4597204028141252,0.3663211661877069,0.17722768980060427,0.392127002113637,0.46833046417584584,0.35192307092732245,3.0
0.4803114549361543,0.5115277824438152,0.4662716027287882,0.40249961287648106,0.5252982007950091,0.5662910974354114,0.3364401383835731,0.7116398569619405,0.4852117801573607,0.5028274434417271,0.6062321634884835,0.5349824196895252,0.6429704950869868,0.5430686247802736,0.40813439380393435,0.5542255287809152,0.3284410689019007,0.5162839558664785,0.4950155014033309,0.46878247140911905,3.0
0.48071937328416037,0.21772264317535417,0.4176912638388558,0.5139267351711672,0.52397845879961,0.3458487288611063,0.6898561761297051,0.3700737727678249,0.6454185800790105,0.5640791542807527,0.4030659035234295,0.7662966338914268,0.320954475236528,0.6378731260415003,0.6500873477064467,0.3994069686385033,0.7088697950096493,0.4624930228101571,0.5433040443919785,0.5390482758156832,0.0
0.4798536887794178,0.6216212409739673,0.6190233080828319,0.2377202040142729,0.6956510364317229,0.2506262017946489,0.6548819306512486,0.6690057705241375,0.3363550354677203,0.4383778568068123,0.3341442997271097,0.4677618454566897,0.4537948573721388,0.6169490798404009,0.6965463119179413,0.7093525716184934,0.4156747960132547,0.46861671893832085,0.24748427116685745,0.37911949002557166,0.0
0.6447277449646186,0.7423374235322348,0.31484766921801166,0.41113036112706586,0.49603913645616093,0.542024173822941,0.3785594720117531,0.5636091566696134,0.4289240979393626,0.49783215936825814,0.581942637200555,0.5009633404716407,0.4345421164210147,0.48355852941112537,0.4867455561191997,0.44449834551768086,0.46118059059993466,0.7397970755757075,0.5841379171911858,0.45567795229562597,0.0
0.6045431606766103,0.4499270765365985,0.6759686956379962,0.5554463288297141,0.4839046783993657,0.5671575388715416,0.2643685771897251,0.3309848796635292,0.3209112490401417,0.5214414642145561,0.7598772499227637,0.8346950219288949,0.5957076652161135,0.5751266712416685,0.22984133987708916,0.41859893003989673,0.38183243721376414,0.4068728602623326,0.4747784272122816,0.4291864133454309,1.0
0.20310502844363187,0.61218653841763,0.33908854613902906,0.5358870296166725,0.811112400462496,0.3620923112620365,0.12045687158805057,0.4570993667179834,0.6651439452497856,0.7937521181330891,0.31556756083213744,0.5745048834854782,0.430203431482992,0.48410774685437963,0.8966515020525552,0.27455445074072704,0.538060949224186,0.570153975764815,0.662867948740902,0.5146974730206343,1.0
0.5462075809256154,0.44125271488673135,0.5403690411867661,0.44852115867538844,0.5932357834784077,0.4445584495934549,0.5565650590853279,0.4956105779472533,0.6689075376158252,0.4922909414617271,0.2340451297689678,0.6892882251070988,0.36414015487060714,0.40193504920267703,0.4106508058934762,0.7061657139756226,0.17964886790319567,0.970662280048999,0.6584085213599078,0.5334858371193739,0.0
0.49176589990755704,0.5428331112286485,0.5781683642569008,0.5967823378925086,0.5833406699005173,0.5134371021882873,0.47039923695390107,0.47730900745197324,0.47076375794709785,0.6700655145300597,0.5890335083421293,0.058941704800357986,0.5983851164794641,0.5292104292078162,0.4971936865331154,0.4417222320366671,0.6686169079979021,0.6421289693184287,0.38406834982645865,0.5610578430686802,0.0
0.3542514898188071,0.2930572752816604,0.40599241631150523,0.6293590208574138,0.642968756806413,0.576962813014594,0.6087643680271996,0.5774267430672437,0.4037777607165572,0.5647883817010911,0.6200614287841524,0.6131436994720362,0.6783370057211964,0.6062455770801596,0.5527172311312374,0.6605225357474641,0.496021811112641,0.3677188023158423,0.4755399554084354,0.38826460327903267,1.0
0.3987232587538428,0.47832219939267234,0.3811370118500058,0.45380577055414395,0.21595779995693215,0.5319940561059407,0.5001808213043336,0.3774367053397714,0.5988868502648608,0.6406355206439838,0.2588660203446539,0.38559128321506786,0.3846286475319053,0.3590145348336703,0.6244212262897623,0.47092607918407947,0.46032277380340836,0.199420645338987,0.595312704531384,0.31411124077197916,2.0
0.5089898945399493,0.5416065406937287,0.7040987893757976,0.3036769401321332,0.04707317662687621,0.5275774317130543,0.7700766772266281,0.6858419529409157,0.5314489122911938,0.4262545721551929,0.6210683894955965,0.35396807004432973,0.5714536654034329,0.575820523874994,0.659031486124832,0.9139490058366617,0.558862395076815,0.4236554561438752,0.4961638531712008,0.2346386142666323,3.0
0.39579303033664126,0.4386076342830344,0.42138674030981116,0.5228532308050583,0.3766370101426699,0.6681546000986707,0.5000310597377295,0.49860495182920783,0.4508157925230623,0.5232786025788468,0.6237647397001452,0.36993046764336496,0.4012825266387115,0.45444109568350033,0.29811936147901774,0.37711132104177536,0.42856686896830115,0.6311583771069091,0.5393841993502887,0.5290384867051316,3.0
0.6276346943251958,0.4793942317400905,0.5585697274893334,0.48451673706012555,0.5398043524099443,0.4125862013582627,0.13417742625853563,0.4798581256720544,0.713412220414991,0.6389323103362389,0.6448096226886756,0.6854196082709327,0.5132986386442157,0.5295973561108394,0.4073522156848475,0.4525890715959425,0.5923656724656712,0.6805826655753224,0.47908305864785006,0.43247161027228825,0.0
0.5000791938284896,0.5901810123393673,0.2834217775799687,0.1555728570294143,0.41741947257626244,0.3168931361128762,0.42377897035290335,0.47783295217737926,0.432012738646548,0.7178701301706119,0.549011714690348,0.5450711539416242,0.5933310716065103,0.32917503233288464,0.6558667681130403,0.488635357019681,0.6005720925861819,0.3392214150439767,0.2669361850975904,0.6226834487037542,2.0
0.5564614289146275,0.36469226684637346,0.3695505378087959,0.6688152176622154,0.32158821606990085,0.7464009429883944,0.3649068898028197,0.5957587888412574,0.45070722863765234,0.5904781146623514,0.4183828996828711,0.47558106408915585,0.5061378763093581,0.34967188163277907,0.6111236518130189,0.4230179650292622,0.4657100126989972,0.35084759380872316,0.11564995118070343,0.4713458356099747,1.0
0.8618923132419374,0.6176906431847036,0.4971109430398408,0.46056637561875985,0.5033698839218069,0.5820678672762815,0.32287807770367327,0.6671482542003309,0.6073071973161867,0.6077278588561902,0.5657713608214591,0.5029424986540985,0.6009291853950229,0.5887721200612067,0.44689389335884644,0.4139597340654649,0.515278444289298,0.732353022724278,0.31413393865191486,0.279871210137134,0.0
0.5247141261854775,0.5076331552784027,0.5260012496555613,0.5365929796862751,0.4665196618047792,0.7234795157903123,0.25986440322852267,0.3757254462829631,0.4845117859776429,0.2535216783268749,0.4736218393351893,0.7492205248592028,0.5031329732443943,0.5346051358578026,0.310975285224113,0.4075457887940784,0.44372054295140945,0.4523427354865649,0.6922465692505653,0.5836536591087687,2.0
0.3332813064594452,0.5369757167648007,0.5747332622745178,0.67102235577819,0.737081102985256,0.3477358712258197,0.3783713733184493,0.31136332116280757,0.4648970211339528,0.5699537561669502,0.6481001774883652,0.4886073464536216,0.4520228715117734,0.5227636988373111,0.37472856475549654,0.813430808254216,0.25885084593229124,0.5277110868343586,0.8035409328844458,0.5010199766839997,2.0
0.47149414474977586,0.4463831865784359,0.47294124773563884,0.7059272712014795,0.16822071330057398,0.7300150551944489,0.2864064271324782,0.4600021506148378,0.4356133369552007,0.588282990465608,0.2602813472174379,0.5693258999122914,0.8036464434930279,0.2955238993110785,0.5284559251415594,0.40070267333050863,0.5638830809289553,0.5028721666123628,0.4037769636433536,0.573180842730661,2.0
0.7706522164680114,0.4713644312409052,0.6079636913222273,0.30600905631932546,0.3565345434772987,0.5708609416820566,0.7226174042803948,0.553342002317849,0.4530412954215268,0.4998937108135031,0.31243883990454235,0.590677298953305,0.6323499593485113,0.432186450075038,0.4294936778360748,0.5398817344478073,0.4344920395939107,0.49008010780612665,0.8149582683749773,0.4629461448881005,1.0
0.44624897719681667,0.40286872915472616,0.6116287957249905,0.47281637401728455,0.40259404425178613,0.6981956048409518,0.7129404506770456,0.40993646513919424,0.22001900729590756,0.6511270534755383,0.3973055261359994,0.6185938398744153,0.2044844273432247,0.6338896007448964,0.31832421060788285,0.6096146178599786,0.5021409601754652,0.3569090870905033,0.4389445530609829,0.6029477685435051,1.0
0.5158841679672851,0.5876619470708726,0.7964660876773229,0.2653637582433423,0.7425818862452935,0.5156533906284819,0.36518239275153075,0.3004529561391516,0.471631941383445,0.6382475167886689,0.48086763194336984,0.7266732395371021,0.28232364649226616,0.4981866578230918,0.31214098333803214,0.5545447823937452,0.633033108514595,0.436885730947842,0.10936792150592989,0.5298422220194742,3.0
0.5655107827600264,0.5606442132442546,0.6853673287733231,0.3393419480526427,0.6020324158175674,0.6788761268716963,0.23321186239902247,0.5479477738878465,0.4243730253488493,0.4877715990347531,0.5521514725307505,0.42691571538296713,0.39864378812575824,0.5051228626232037,0.3369131091705796,0.3371262306672222,0.6019059924434755,0.3276808947262016,0.5999468751363818,0.5693886939280927,3.0
0.24112899068141053,0.3983653021496517,0.6791164104571059,0.35282517032904775,0.43033936065359185,0.5693091339877845,0.6175085763923893,0.46226916709332566,0.41037347079625375,0.7133554792547762,0.7608349495696368,0.6468287076172693,0.5127977213847537,0.3787601417538611,0.3754333390165152,0.5783771157898636,0.5627597331333025,0.7102397889419644,0.5975675138804208,0.2745379547360273,2.0
0.6577921426584378,0.35029090590283807,0.44240430920714724,0.5375300309377542,0.7993501234675946,0.9664877834008041,0.5910084588704274,0.47252050719194183,0.5801758472720825,0.6331483138810754,0.45189985616642125,0.7692817033868483,0.5345106138787104,0.5746614633637092,0.5998886378081691,0.5632379915921684,0.6258410750704418,0.4074120220179615,0.41625473690809545,0.33497686505424573,2.0
0.565925184593034,0.6168404755268171,0.5686659299227829,0.7511738650021306,0.49916059717564304,0.6003112483388768,0.33624486857910285,0.44193504462883987,0.6043306636348666,0.6273653166114717,0.45590495785037266,0.48926011222128996,0.2723189379978786,0.4464456198790086,0.633557474527968,0.586280752415985,0.5750998582071815,0.507466053077144,0.5010594737942264,0.40095182907898297,1.0
0.6048242630303802,0.5631459416584085,0.5738028271989198,0.4210947735998629,0.17699856201931335,0.6645729067630544,0.4281743815987394,0.3705836353935319,0.6040218367870991,0.44119810401213055,0.6589904576069933,0.5925508924365046,0.6025353984800716,0.29510664331991987,0.6817915978079601,0.5391875796850784,0.4446084291130695,0.5215082701013377,0.233564715065252,0.5612979217221006,3.0
0.34559427377268925,0.29709945712346986,0.2716461220673163,0.6669032562484888,0.4056104909460817,0.7300591564874749,0.41962978054215533,0.24389630636105802,0.3325213340077011,0.6853717430010408,0.4766152733094999,0.41775690552640987,0.5240027338779182,0.5752674104251317,0.6676098223853691,0.717274884483939,0.4460347031316371,0.30109284708769424,0.4379802258315086,0.5390420759874329,2.0
0.35543616106840836,0.3564273627657436,0.5515681822324828,0.49270214726443234,0.504919549311738,0.38622569979498955,0.4654398928691349,0.36136502835975437,0.633529761668718,0.6552874002085629,0.22307182066428594,0.3605733709711385,0.2755206117364881,0.4024964098389653,0.48748430453144587,0.2825532170452205,0.36172102803120304,0.3494063941877752,0.5310900994098416,0.5104016505554375,3.0
0.39173936699941203,0.5265231308209097,0.4179979873119102,0.459251733451092,0.7510178135447805,0.7010691577685522,0.30506281446086037,0.6244598626818761,0.6217094831737389,0.32776050668710727,0.6228166465632291,0.730689787761883,0.33161827906333796,0.36237457684786045,0.6526492200265254,0.5407242966238472,0.5827214412859285,0.5510883824600745,0.5586043881392216,0.30102918075333757,3.0
0.6570976559932172,0.675438498864166,0.46559138838979586,0.49347845752792063,0.2703338746166417,0.5771382134026752,0.5858086162571217,0.4906713474501033,0.6686530039805754,0.44988841535300894,0.5846908888840401,0.34705034919618266,0.49646717736886425,0.47384686131457465,0.5337961883061413,0.44457096067499624,0.48027911064924983,0.623907075716226,0.4344853644142674,0.25901343488919815,2.0
0.7624375856308131,0.707218111803573,0.3061605957341572,0.6034561707867792,0.4245537844172985,0.539523082299659,0.5441336193520241,0.4648388299525517,0.38243515016204055,0.39641884215256107,0.36257121267781367,0.3752266687654333,0.4899232564925967,0.39263600163338724,0.602307809856893,0.7230869233003892,0.4129920137944936,0.5359106750803065,0.57495276654544,0.5708003406378912,1.0
0.5113932901874131,0.6114023627539583,0.5723373429020986,0.31435063665090535,0.630373409658391,0.6330936255900113,0.3855070843732128,0.5056906753171403,0.6024993489216603,0.46860292706309575,0.6609467071649018,0.8545808741929042,0.3821020951047527,0.29284330952693377,0.5455727893407314,0.6082343757689215,0.4653700439232846,0.7179890994981551,0.2992091300415127,0.6039377934547416,2.0
0.409120876886166,0.7579066859310946,0.7988773029752178,0.3850015118324978,0.417566429613713,0.6289381830469702,0.4419304025315728,0.49318831731016427,0.5038082630813615,0.21204902657035157,0.4979243380858644,0.3965408338903739,0.4260315766400342,0.7165448005203221,0.3115239658581116,0.6219807780121966,0.4581555604502287,0.45803597472562485,0.6185557844077567,0.5510076941853336,2.0
0.5855919495829296,0.6452276990799292,0.4503037425225016,0.40816448982383746,0.3372274210163303,0.3761884205031567,0.9423641637963087,0.686701937110518,0.2973388450687968,0.3016313064884645,0.5722799092577737,0.5820897196066951,0.5823325752976046,0.4617566309669453,0.48118186099956495,0.5491819286239036,0.5128839509439995,0.16710494408786974,0.46553005541372094,0.372289034860953,3.0
0.5262817128362768,0.9477888503905114,0.5551222498211457,0.4529705470741403,0.6382702252965878,0.5724031830813819,0.5630141735677762,0.5910275889823506,0.8084815347244312,0.33036673470111266,0.5710448115217182,0.36104283050276925,0.5833268969513372,0.36219702327708586,0.4373949779592373,0.45573651286431405,0.6463725079017064,0.637768166591362,0.3131423935330423,0.5082401166499773,2.0
0.3935630217876241,0.3112242633986998,0.46744744243634445,0.453727581731627,0.8640074729518283,0.5649439738041044,0.2933573748868644,0.41528389937435867,0.6532074943144097,0.8132664159304888,0.2621025031643063,0.21801134222914326,0.7806447763057673,0.5584421266056356,0.36975609021854505,0.5801943629183652,0.10463783914746833,0.5005063259895741,0.5491731759264628,0.6386405209306745,1.0
